[
    {
        "id": "ef77fa8d9adf96db",
        "type": "tab",
        "label": "Initialization",
        "disabled": false,
        "info": "",
        "env": []
    },
    {
        "id": "868527ef525786bb",
        "type": "tab",
        "label": "Job Execution",
        "disabled": false,
        "info": "",
        "env": []
    },
    {
        "id": "f25df27922bc7364",
        "type": "inject",
        "z": "ef77fa8d9adf96db",
        "name": "aasRepoPath",
        "props": [
            {
                "p": "payload"
            },
            {
                "p": "topic",
                "vt": "str"
            }
        ],
        "repeat": "",
        "crontab": "",
        "once": true,
        "onceDelay": 0.1,
        "topic": "aasRepoPath",
        "payload": "AAS_REPO_PATH",
        "payloadType": "env",
        "x": 240,
        "y": 100,
        "wires": [
            [
                "053bf4021d3e2706"
            ]
        ]
    },
    {
        "id": "6ede90e510edebc7",
        "type": "inject",
        "z": "ef77fa8d9adf96db",
        "name": "submodelRepoPath",
        "props": [
            {
                "p": "payload"
            },
            {
                "p": "topic",
                "vt": "str"
            }
        ],
        "repeat": "",
        "crontab": "",
        "once": true,
        "onceDelay": 0.1,
        "topic": "submodelRepoPath",
        "payload": "SUBMODEL_REPO_PATH",
        "payloadType": "env",
        "x": 220,
        "y": 160,
        "wires": [
            [
                "01b0d15580440d8e",
                "2889db603fb4830b"
            ]
        ]
    },
    {
        "id": "053bf4021d3e2706",
        "type": "change",
        "z": "ef77fa8d9adf96db",
        "name": "",
        "rules": [
            {
                "t": "set",
                "p": "aasEndpoint",
                "pt": "global",
                "to": "payload",
                "tot": "msg"
            }
        ],
        "action": "",
        "property": "",
        "from": "",
        "to": "",
        "reg": false,
        "x": 550,
        "y": 100,
        "wires": [
            [
                "48cd889f34ebd6f0"
            ]
        ]
    },
    {
        "id": "01b0d15580440d8e",
        "type": "change",
        "z": "ef77fa8d9adf96db",
        "name": "",
        "rules": [
            {
                "t": "set",
                "p": "submodelEndpoint",
                "pt": "global",
                "to": "payload",
                "tot": "msg"
            }
        ],
        "action": "",
        "property": "",
        "from": "",
        "to": "",
        "reg": false,
        "x": 570,
        "y": 160,
        "wires": [
            [
                "48cd889f34ebd6f0"
            ]
        ]
    },
    {
        "id": "48cd889f34ebd6f0",
        "type": "join",
        "z": "ef77fa8d9adf96db",
        "name": "Initialization Complete",
        "mode": "custom",
        "build": "object",
        "property": "payload",
        "propertyType": "msg",
        "key": "topic",
        "joiner": "\\n",
        "joinerType": "str",
        "accumulate": true,
        "timeout": "",
        "count": "3",
        "reduceRight": false,
        "reduceExp": "",
        "reduceInit": "",
        "reduceInitType": "",
        "reduceFixup": "",
        "x": 410,
        "y": 520,
        "wires": [
            [
                "99102f1eb5543c75"
            ]
        ]
    },
    {
        "id": "99102f1eb5543c75",
        "type": "debug",
        "z": "ef77fa8d9adf96db",
        "name": "Initialization Data",
        "active": true,
        "tosidebar": true,
        "console": false,
        "tostatus": false,
        "complete": "payload",
        "targetType": "msg",
        "statusVal": "",
        "statusType": "auto",
        "x": 690,
        "y": 520,
        "wires": []
    },
    {
        "id": "dcdcd182e4177bbd",
        "type": "comment",
        "z": "ef77fa8d9adf96db",
        "name": "GetSubmodels",
        "info": "",
        "x": 520,
        "y": 260,
        "wires": []
    },
    {
        "id": "2889db603fb4830b",
        "type": "http request",
        "z": "ef77fa8d9adf96db",
        "name": "",
        "method": "GET",
        "ret": "obj",
        "paytoqs": "ignore",
        "url": "{{{payload}}}",
        "tls": "",
        "persist": false,
        "proxy": "",
        "insecureHTTPParser": false,
        "authType": "",
        "senderr": false,
        "headers": [],
        "x": 490,
        "y": 300,
        "wires": [
            [
                "c41100b91a183758"
            ]
        ]
    },
    {
        "id": "c41100b91a183758",
        "type": "function",
        "z": "ef77fa8d9adf96db",
        "name": "Extract Repo Submodels",
        "func": "return {\n    'topic': 'submodels',\n    'payload': msg.payload.result\n};",
        "outputs": 1,
        "timeout": 0,
        "noerr": 0,
        "initialize": "",
        "finalize": "",
        "libs": [],
        "x": 350,
        "y": 360,
        "wires": [
            [
                "9819fae719a30744"
            ]
        ]
    },
    {
        "id": "9819fae719a30744",
        "type": "change",
        "z": "ef77fa8d9adf96db",
        "name": "",
        "rules": [
            {
                "t": "set",
                "p": "submodels",
                "pt": "global",
                "to": "payload",
                "tot": "msg"
            }
        ],
        "action": "",
        "property": "",
        "from": "",
        "to": "",
        "reg": false,
        "x": 610,
        "y": 360,
        "wires": [
            [
                "48cd889f34ebd6f0"
            ]
        ]
    },
    {
        "id": "68e6da21eadf453b",
        "type": "http request",
        "z": "868527ef525786bb",
        "name": "GET CrimpCountRecords",
        "method": "use",
        "ret": "obj",
        "paytoqs": "ignore",
        "url": "",
        "tls": "",
        "persist": false,
        "proxy": "",
        "insecureHTTPParser": false,
        "authType": "",
        "senderr": false,
        "headers": [],
        "x": 610,
        "y": 680,
        "wires": [
            [
                "02500c0f7d2c43e0",
                "317a3683b04fc570"
            ]
        ]
    },
    {
        "id": "02500c0f7d2c43e0",
        "type": "debug",
        "z": "868527ef525786bb",
        "name": "Crimp Records",
        "active": true,
        "tosidebar": true,
        "console": false,
        "tostatus": false,
        "complete": "payload",
        "targetType": "msg",
        "statusVal": "",
        "statusType": "auto",
        "x": 900,
        "y": 680,
        "wires": []
    },
    {
        "id": "352d090f06552c0c",
        "type": "inject",
        "z": "868527ef525786bb",
        "name": "Execute Crimp with Applicator",
        "props": [
            {
                "p": "payload"
            },
            {
                "p": "topic",
                "vt": "str"
            }
        ],
        "repeat": "",
        "crontab": "",
        "once": false,
        "onceDelay": 0.1,
        "topic": "aasID",
        "payload": "https://example.com/ids/sm/1534_4122_5042_9540",
        "payloadType": "str",
        "x": 180,
        "y": 200,
        "wires": [
            [
                "1f6af90543eb7e58"
            ]
        ]
    },
    {
        "id": "317a3683b04fc570",
        "type": "function",
        "z": "868527ef525786bb",
        "name": "Extract Current CrimpCount",
        "func": "const lastRecord = msg.payload.value[msg.payload.value.length -1];\n\nconst crimpCount = parseInt(lastRecord.value.find(v => v.idShort === 'CrimpCount').value);\n\nmsg.payload = crimpCount;\nmsg.topic = 'currentCrimpCount';\n\nreturn msg;",
        "outputs": 1,
        "timeout": 0,
        "noerr": 0,
        "initialize": "",
        "finalize": "",
        "libs": [],
        "x": 580,
        "y": 820,
        "wires": [
            [
                "4d5beb8075f2bd96",
                "cd8332e3c87cd789"
            ]
        ]
    },
    {
        "id": "4d5beb8075f2bd96",
        "type": "debug",
        "z": "868527ef525786bb",
        "name": "Current Crimp Count",
        "active": true,
        "tosidebar": true,
        "console": false,
        "tostatus": false,
        "complete": "payload",
        "targetType": "msg",
        "statusVal": "",
        "statusType": "auto",
        "x": 920,
        "y": 820,
        "wires": []
    },
    {
        "id": "120a80c542192243",
        "type": "comment",
        "z": "868527ef525786bb",
        "name": "Get Crimp Records",
        "info": "",
        "x": 570,
        "y": 620,
        "wires": []
    },
    {
        "id": "f2ce18e118c5e6fb",
        "type": "comment",
        "z": "868527ef525786bb",
        "name": "Extract Current Crimp Count",
        "info": "",
        "x": 580,
        "y": 760,
        "wires": []
    },
    {
        "id": "5e8f9d755760c588",
        "type": "comment",
        "z": "868527ef525786bb",
        "name": "Create New Crimp Record",
        "info": "",
        "x": 570,
        "y": 920,
        "wires": []
    },
    {
        "id": "3d27c913e798741c",
        "type": "http request",
        "z": "868527ef525786bb",
        "name": "POST CreateNewRecord",
        "method": "use",
        "ret": "txt",
        "paytoqs": "ignore",
        "url": "",
        "tls": "",
        "persist": false,
        "proxy": "",
        "insecureHTTPParser": false,
        "authType": "",
        "senderr": false,
        "headers": [],
        "x": 710,
        "y": 980,
        "wires": [
            [
                "44c2f12f5dbb1089",
                "fe1dade4af39c7f0"
            ]
        ]
    },
    {
        "id": "71b6eb26e12207bc",
        "type": "function",
        "z": "868527ef525786bb",
        "name": "Build Post Request",
        "func": "const url = global.get('submodelEndpoint') + '/' + msg.payload.timeseriesSubmodelID + '/submodel-elements/Segments.InternalSegment.Records';\nconst method = 'POST';\nconst payload = {\n    \"modelType\": \"SubmodelElementCollection\",\n    \"semanticId\": {\n        \"keys\": [\n            {\n                \"type\": \"GlobalReference\",\n                \"value\": \"https://admin-shell.io/idta/TimeSeries/Record/1/1\"\n            }\n        ],\n        \"type\": \"ExternalReference\"\n    },\n    \"qualifiers\": [\n        {\n            \"kind\": \"ConceptQualifier\",\n            \"type\": \"Cardinality\",\n            \"value\": \"ZeroToMany\",\n            \"valueType\": \"xs:string\"\n        }\n    ],\n    \"idShort\": \"Record_\" + (msg.payload.currentCrimpCount + 1),\n    \"value\": [\n        {\n            \"modelType\": \"Property\",\n            \"semanticId\": {\n                \"keys\": [\n                    {\n                        \"type\": \"GlobalReference\",\n                        \"value\": \"https://admin-shell.io/idta/TimeSeries/UtcTime/1/1\"\n                    }\n                ],\n                \"type\": \"ExternalReference\"\n            },\n            \"value\": \"2024-04-30T14:40:38.318\",\n            \"valueType\": \"xs:dateTime\",\n            \"qualifiers\": [\n                {\n                    \"semanticId\": {\n                        \"keys\": [\n                            {\n                                \"type\": \"GlobalReference\",\n                                \"value\": \"https://admin-shell.io/SubmodelTemplates/Cardinality/1/0\"\n                            }\n                        ],\n                        \"type\": \"ExternalReference\"\n                    },\n                    \"kind\": \"ConceptQualifier\",\n                    \"type\": \"Cardinality\",\n                    \"value\": \"OneToMany\",\n                    \"valueType\": \"xs:string\"\n                },\n                {\n                    \"semanticId\": {\n                        \"keys\": [\n                            {\n                                \"type\": \"GlobalReference\",\n                                \"value\": \"https://admin-shell.io/SubmodelTemplates/AllowedIdShort/1/0\"\n                            }\n                        ],\n                        \"type\": \"ExternalReference\"\n                    },\n                    \"kind\": \"ConceptQualifier\",\n                    \"type\": \"AllowedIdShort\",\n                    \"value\": \"Time[\\\\d{2,3}]\",\n                    \"valueType\": \"xs:string\"\n                }\n            ],\n            \"category\": \"VARIABLE\",\n            \"idShort\": \"Time\"\n        },\n        {\n            \"modelType\": \"Property\",\n            \"semanticId\": {\n                \"keys\": [\n                    {\n                        \"type\": \"GlobalReference\",\n                        \"value\": \"https://sample.com/AccelerationX/1/1\"\n                    }\n                ],\n                \"type\": \"ExternalReference\"\n            },\n            \"value\": (msg.payload.currentCrimpCount + 1),\n            \"valueType\": \"xs:long\",\n            \"qualifiers\": [\n                {\n                    \"kind\": \"ConceptQualifier\",\n                    \"type\": \"Cardinality\",\n                    \"value\": \"ZeroToOne\",\n                    \"valueType\": \"xs:string\"\n                }\n            ],\n            \"category\": \"VARIABLE\",\n            \"idShort\": \"CrimpCount\"\n        }\n    ]\n};\n\nreturn {\n    'method': method,\n    'url': url,\n    'payload': payload\n};",
        "outputs": 1,
        "timeout": 0,
        "noerr": 0,
        "initialize": "",
        "finalize": "",
        "libs": [],
        "x": 470,
        "y": 980,
        "wires": [
            [
                "3d27c913e798741c"
            ]
        ]
    },
    {
        "id": "44c2f12f5dbb1089",
        "type": "debug",
        "z": "868527ef525786bb",
        "name": "Post Response",
        "active": true,
        "tosidebar": true,
        "console": false,
        "tostatus": false,
        "complete": "true",
        "targetType": "full",
        "statusVal": "",
        "statusType": "auto",
        "x": 940,
        "y": 980,
        "wires": []
    },
    {
        "id": "c200f5c841e28cca",
        "type": "http request",
        "z": "868527ef525786bb",
        "name": "PATCH UpdateLastRecord",
        "method": "use",
        "ret": "txt",
        "paytoqs": "ignore",
        "url": "",
        "tls": "",
        "persist": false,
        "proxy": "",
        "insecureHTTPParser": false,
        "authType": "",
        "senderr": false,
        "headers": [
            {
                "keyType": "Content-Type",
                "keyValue": "",
                "valueType": "other",
                "valueValue": "application/json"
            }
        ],
        "x": 720,
        "y": 1080,
        "wires": [
            [
                "4443c2e4c19912f9",
                "fe1dade4af39c7f0"
            ]
        ]
    },
    {
        "id": "4443c2e4c19912f9",
        "type": "debug",
        "z": "868527ef525786bb",
        "name": "Patch Response",
        "active": true,
        "tosidebar": true,
        "console": false,
        "tostatus": false,
        "complete": "true",
        "targetType": "full",
        "statusVal": "",
        "statusType": "auto",
        "x": 940,
        "y": 1080,
        "wires": []
    },
    {
        "id": "cd8332e3c87cd789",
        "type": "function",
        "z": "868527ef525786bb",
        "name": "Build Patch Request",
        "func": "msg.url = global.get('submodelEndpoint') + '/' + flow.get('timeseriesSubmodelID') + '/submodel-elements/Segments.InternalSegment.Records.Record_90000.CrimpCount/$value';\nmsg.method = 'PATCH';\nmsg.payload = JSON.stringify(`${msg.payload + 1}`);\n\nreturn msg;",
        "outputs": 1,
        "timeout": 0,
        "noerr": 0,
        "initialize": "",
        "finalize": "",
        "libs": [],
        "x": 460,
        "y": 1080,
        "wires": [
            [
                "c200f5c841e28cca"
            ]
        ]
    },
    {
        "id": "e8aebe95ab12dd18",
        "type": "comment",
        "z": "868527ef525786bb",
        "name": "Update Record_90000 (WORKAROUND)",
        "info": "",
        "x": 620,
        "y": 1040,
        "wires": []
    },
    {
        "id": "566fd67a3470ebb7",
        "type": "http request",
        "z": "868527ef525786bb",
        "name": "",
        "method": "use",
        "ret": "obj",
        "paytoqs": "ignore",
        "url": "",
        "tls": "",
        "persist": false,
        "proxy": "",
        "insecureHTTPParser": false,
        "authType": "",
        "senderr": false,
        "headers": [],
        "x": 610,
        "y": 320,
        "wires": [
            [
                "e5d1e2aa369df3ab",
                "2444a6e8570db71a"
            ]
        ]
    },
    {
        "id": "e5d1e2aa369df3ab",
        "type": "debug",
        "z": "868527ef525786bb",
        "name": "AAS",
        "active": true,
        "tosidebar": true,
        "console": false,
        "tostatus": false,
        "complete": "payload",
        "targetType": "msg",
        "statusVal": "",
        "statusType": "auto",
        "x": 850,
        "y": 320,
        "wires": []
    },
    {
        "id": "c41856c7ac72acd5",
        "type": "comment",
        "z": "868527ef525786bb",
        "name": "GetShell",
        "info": "",
        "x": 580,
        "y": 280,
        "wires": []
    },
    {
        "id": "9af751c2401980b5",
        "type": "comment",
        "z": "868527ef525786bb",
        "name": "Get Timeseries Submodel",
        "info": "",
        "x": 550,
        "y": 480,
        "wires": []
    },
    {
        "id": "2444a6e8570db71a",
        "type": "function",
        "z": "868527ef525786bb",
        "name": "Extract SubmodelIds for AAS",
        "func": "msg.payload = msg.payload.submodels.map(sm => {\n    const keys = sm.keys;\n    const lastKey = keys[keys.length -1];\n    return lastKey.value;\n});\n\nreturn msg;\n    ",
        "outputs": 1,
        "timeout": 0,
        "noerr": 0,
        "initialize": "",
        "finalize": "",
        "libs": [],
        "x": 620,
        "y": 380,
        "wires": [
            [
                "f4f2562b0ac96dd9"
            ]
        ]
    },
    {
        "id": "f4f2562b0ac96dd9",
        "type": "function",
        "z": "868527ef525786bb",
        "name": "Get TimeSeriesSubmodel ID",
        "func": "const aasSubmodelIds = msg.payload;\nconst repoSubmodels = global.get('submodels');\n\nconst aasSubmodels = repoSubmodels.filter(sm => aasSubmodelIds.includes(sm.id));\n\nconst timeSeriesSubmodel = aasSubmodels.find(sm => sm.idShort === 'TimeSeries');\n\nconst encodedTimeSeriesSubmodelId = Buffer.from(timeSeriesSubmodel.id).toString('base64').replace(/=/g, \"\").replace(/\\+/g, \"-\").replace(/\\//g, \"_\");\n\nflow.set('timeseriesSubmodelID', encodedTimeSeriesSubmodelId);\nmsg.payload = encodedTimeSeriesSubmodelId;\n\nreturn msg;",
        "outputs": 1,
        "timeout": 0,
        "noerr": 0,
        "initialize": "",
        "finalize": "",
        "libs": [],
        "x": 580,
        "y": 540,
        "wires": [
            [
                "99996a36de206cc3",
                "967d60abb1126a58"
            ]
        ]
    },
    {
        "id": "99996a36de206cc3",
        "type": "debug",
        "z": "868527ef525786bb",
        "name": "TimeSeriesSubmodel ID",
        "active": true,
        "tosidebar": true,
        "console": false,
        "tostatus": false,
        "complete": "payload",
        "targetType": "msg",
        "statusVal": "",
        "statusType": "auto",
        "x": 910,
        "y": 540,
        "wires": []
    },
    {
        "id": "1f6af90543eb7e58",
        "type": "function",
        "z": "868527ef525786bb",
        "name": "Base64URLEncode AAS ID",
        "func": "msg.payload = Buffer.from(msg.payload).toString('base64').replace(/=/g, \"\").replace(/\\+/g, \"-\").replace(/\\//g, \"_\");\n\nreturn msg;",
        "outputs": 1,
        "timeout": 0,
        "noerr": 0,
        "initialize": "",
        "finalize": "",
        "libs": [],
        "x": 480,
        "y": 200,
        "wires": [
            [
                "54b57eebfb54b3ea"
            ]
        ]
    },
    {
        "id": "26b2acce6c32e11b",
        "type": "http in",
        "z": "868527ef525786bb",
        "name": "Execute Crimp with Applicator",
        "url": "/executeCrimp/:encodedApplicatorAasId",
        "method": "get",
        "upload": false,
        "swaggerDoc": "",
        "x": 180,
        "y": 100,
        "wires": [
            [
                "d5f92f3648d6e988"
            ]
        ]
    },
    {
        "id": "d5f92f3648d6e988",
        "type": "function",
        "z": "868527ef525786bb",
        "name": "Extract Base64URLEncoded AAS ID",
        "func": "msg.payload = msg.req.params.encodedApplicatorAasId;\nmsg.topic = 'aasID';\n\nreturn msg;",
        "outputs": 1,
        "timeout": 0,
        "noerr": 0,
        "initialize": "",
        "finalize": "",
        "libs": [],
        "x": 510,
        "y": 100,
        "wires": [
            [
                "54b57eebfb54b3ea"
            ]
        ]
    },
    {
        "id": "196edf1a45163dda",
        "type": "comment",
        "z": "868527ef525786bb",
        "name": "Option 1: Trigger Crimp via HTTP Request",
        "info": "Example Request: http://localhost:1882/executeCrimp/aHR0cHM6Ly9leGFtcGxlLmNvbS9pZHMvc20vMTUzNF80MTIyXzUwNDJfOTU0MA",
        "x": 620,
        "y": 60,
        "wires": []
    },
    {
        "id": "422adea845c13d67",
        "type": "comment",
        "z": "868527ef525786bb",
        "name": "Option 2: Trigger Crimp Manually",
        "info": "",
        "x": 610,
        "y": 160,
        "wires": []
    },
    {
        "id": "fe1dade4af39c7f0",
        "type": "http response",
        "z": "868527ef525786bb",
        "name": "",
        "statusCode": "",
        "headers": {},
        "x": 910,
        "y": 1020,
        "wires": []
    },
    {
        "id": "54b57eebfb54b3ea",
        "type": "function",
        "z": "868527ef525786bb",
        "name": "Build GetShell Request",
        "func": "msg.method = 'get';\nmsg.url = global.get('aasEndpoint') + '/' + msg.payload;\n\nreturn msg;",
        "outputs": 1,
        "timeout": 0,
        "noerr": 0,
        "initialize": "",
        "finalize": "",
        "libs": [],
        "x": 390,
        "y": 320,
        "wires": [
            [
                "566fd67a3470ebb7"
            ]
        ]
    },
    {
        "id": "967d60abb1126a58",
        "type": "function",
        "z": "868527ef525786bb",
        "name": "Build Get CrimpRecords Request",
        "func": "msg.method = 'get';\nmsg.url = global.get('submodelEndpoint') + '/' + msg.payload + '/submodel-elements/Segments.InternalSegment.Records';\n\nreturn msg;",
        "outputs": 1,
        "timeout": 0,
        "noerr": 0,
        "initialize": "",
        "finalize": "",
        "libs": [],
        "x": 320,
        "y": 680,
        "wires": [
            [
                "68e6da21eadf453b"
            ]
        ]
    }
]