{
    "_": {
        "editor": {
            "view": {
                "view-store-zoom": false,
                "view-store-position": false,
                "view-show-grid": true,
                "view-snap-grid": true,
                "view-grid-size": 20,
                "view-node-status": true,
                "view-node-show-label": true,
                "view-show-tips": true,
                "view-show-welcome-tours": true
            },
            "tours": {
                "welcome": "3.1.10"
            }
        },
        "debug": {
            "filter": "filterCurrent",
            "filteredNodes": [
                "ebb70a198a177658",
                "a09d024ab15b2f20",
                "81d77984023170a8",
                "2a3dc6b10662b1d5",
                "8725bfa5db5480fc",
                "4498e37b53731d58",
                "fdd814f5dbfcf8c8",
                "9d88bde5cf1b2151",
                "8c570c75c0e4ad4f",
                "e4da1f4a39066a68",
                "06c6426397c41836",
                "d2c91c3ce6cdf191",
                "04acb3423f6d77aa",
                "553680436b60bb06",
                "1abaae9a41d72e96"
            ]
        },
        "menu-menu-item-sidebar": true
    }
}