[
    {
        "id": "2219ea0ecc209b02",
        "type": "tab",
        "label": "Initialize",
        "disabled": false,
        "info": "",
        "env": []
    },
    {
        "id": "8c85b2ba13d108a6",
        "type": "tab",
        "label": "Predictive Maintenance",
        "disabled": false,
        "info": "",
        "env": []
    },
    {
        "id": "062e3fb368650f56",
        "type": "tab",
        "label": "Condition Level Handler",
        "disabled": false,
        "info": "",
        "env": []
    },
    {
        "id": "804d892a2c7fb215",
        "type": "mqtt-broker",
        "name": "",
        "broker": "${MQTT_ENDPOINT_NAME}",
        "port": "${MQTT_ENDPOINT_PORT}",
        "clientid": "",
        "autoConnect": true,
        "usetls": false,
        "protocolVersion": "4",
        "keepalive": "60",
        "cleansession": true,
        "autoUnsubscribe": true,
        "birthTopic": "",
        "birthQos": "0",
        "birthRetain": "false",
        "birthPayload": "",
        "birthMsg": {},
        "closeTopic": "",
        "closeQos": "0",
        "closeRetain": "false",
        "closePayload": "",
        "closeMsg": {},
        "willTopic": "",
        "willQos": "0",
        "willRetain": "false",
        "willPayload": "",
        "willMsg": {},
        "userProps": "",
        "sessionExpiry": ""
    },
    {
        "id": "adb10d7e965d87fb",
        "type": "inject",
        "z": "2219ea0ecc209b02",
        "name": "aasRepoPath",
        "props": [
            {
                "p": "payload"
            },
            {
                "p": "topic",
                "vt": "str"
            }
        ],
        "repeat": "",
        "crontab": "",
        "once": true,
        "onceDelay": 0.1,
        "topic": "aasRepoPath",
        "payload": "AAS_REPO_PATH",
        "payloadType": "env",
        "x": 200,
        "y": 120,
        "wires": [
            [
                "445d20ad6d45a241"
            ]
        ]
    },
    {
        "id": "0aa06efee921ce77",
        "type": "inject",
        "z": "2219ea0ecc209b02",
        "name": "aasID",
        "props": [
            {
                "p": "payload"
            },
            {
                "p": "topic",
                "vt": "str"
            }
        ],
        "repeat": "",
        "crontab": "",
        "once": true,
        "onceDelay": 0.1,
        "topic": "aasID",
        "payload": "AAS_ID",
        "payloadType": "env",
        "x": 230,
        "y": 60,
        "wires": [
            [
                "7753177d4031a08b"
            ]
        ]
    },
    {
        "id": "445d20ad6d45a241",
        "type": "join",
        "z": "2219ea0ecc209b02",
        "name": "",
        "mode": "custom",
        "build": "object",
        "property": "payload",
        "propertyType": "msg",
        "key": "topic",
        "joiner": "\\n",
        "joinerType": "str",
        "accumulate": true,
        "timeout": "",
        "count": "2",
        "reduceRight": false,
        "reduceExp": "",
        "reduceInit": "",
        "reduceInitType": "",
        "reduceFixup": "",
        "x": 470,
        "y": 120,
        "wires": [
            [
                "d1cb8faa59482cf9"
            ]
        ]
    },
    {
        "id": "d1cb8faa59482cf9",
        "type": "http request",
        "z": "2219ea0ecc209b02",
        "name": "",
        "method": "GET",
        "ret": "obj",
        "paytoqs": "ignore",
        "url": "{{{payload.aasRepoPath}}}/{{{payload.aasID}}}",
        "tls": "",
        "persist": false,
        "proxy": "",
        "insecureHTTPParser": false,
        "authType": "",
        "senderr": false,
        "headers": [],
        "x": 670,
        "y": 120,
        "wires": [
            [
                "ebb70a198a177658",
                "c11f44a7c9aea161",
                "f12a3b554681a86a"
            ]
        ]
    },
    {
        "id": "ebb70a198a177658",
        "type": "debug",
        "z": "2219ea0ecc209b02",
        "name": "AAS",
        "active": true,
        "tosidebar": true,
        "console": false,
        "tostatus": false,
        "complete": "payload",
        "targetType": "msg",
        "statusVal": "",
        "statusType": "auto",
        "x": 910,
        "y": 120,
        "wires": []
    },
    {
        "id": "deec5d8ebf2a6347",
        "type": "comment",
        "z": "2219ea0ecc209b02",
        "name": "GetShell",
        "info": "",
        "x": 660,
        "y": 80,
        "wires": []
    },
    {
        "id": "3ac7a330863b5ace",
        "type": "comment",
        "z": "2219ea0ecc209b02",
        "name": "Get Timeseries Submodel",
        "info": "",
        "x": 670,
        "y": 700,
        "wires": []
    },
    {
        "id": "264eb6837bd74eae",
        "type": "comment",
        "z": "2219ea0ecc209b02",
        "name": "GetSubmodels",
        "info": "",
        "x": 680,
        "y": 520,
        "wires": []
    },
    {
        "id": "a2975b15f53506ef",
        "type": "inject",
        "z": "2219ea0ecc209b02",
        "name": "submodelRepoPath",
        "props": [
            {
                "p": "payload"
            },
            {
                "p": "topic",
                "vt": "str"
            }
        ],
        "repeat": "",
        "crontab": "",
        "once": true,
        "onceDelay": 0.1,
        "topic": "submodelRepoPath",
        "payload": "SUBMODEL_REPO_PATH",
        "payloadType": "env",
        "x": 180,
        "y": 400,
        "wires": [
            [
                "24c28e101d6921a8"
            ]
        ]
    },
    {
        "id": "860c9fe59ea42ddc",
        "type": "http request",
        "z": "2219ea0ecc209b02",
        "name": "",
        "method": "GET",
        "ret": "obj",
        "paytoqs": "ignore",
        "url": "{{{payload}}}",
        "tls": "",
        "persist": false,
        "proxy": "",
        "insecureHTTPParser": false,
        "authType": "",
        "senderr": false,
        "headers": [],
        "x": 670,
        "y": 580,
        "wires": [
            [
                "cc3fb10a8fba6db0"
            ]
        ]
    },
    {
        "id": "c11f44a7c9aea161",
        "type": "function",
        "z": "2219ea0ecc209b02",
        "name": "Extract SubmodelIds for AAS",
        "func": "return {\n    'topic': 'submodelIds',\n    'payload': msg.payload.submodels.map(sm => {\n        const keys = sm.keys;\n        const lastKey = keys[keys.length -1];\n        return lastKey.value;\n    })\n};",
        "outputs": 1,
        "timeout": 0,
        "noerr": 0,
        "initialize": "",
        "finalize": "",
        "libs": [],
        "x": 680,
        "y": 160,
        "wires": [
            [
                "3a1c6a2af3ac2566",
                "e7165432f42b2a79",
                "1b4536c7dceae90a"
            ]
        ]
    },
    {
        "id": "cc3fb10a8fba6db0",
        "type": "function",
        "z": "2219ea0ecc209b02",
        "name": "Extract Repo Submodels",
        "func": "return {\n    'topic': 'submodels',\n    'payload': msg.payload.result\n};",
        "outputs": 1,
        "timeout": 0,
        "noerr": 0,
        "initialize": "",
        "finalize": "",
        "libs": [],
        "x": 690,
        "y": 620,
        "wires": [
            [
                "3a1c6a2af3ac2566",
                "e7165432f42b2a79",
                "1b4536c7dceae90a"
            ]
        ]
    },
    {
        "id": "3a1c6a2af3ac2566",
        "type": "join",
        "z": "2219ea0ecc209b02",
        "name": "",
        "mode": "custom",
        "build": "object",
        "property": "payload",
        "propertyType": "msg",
        "key": "topic",
        "joiner": "\\n",
        "joinerType": "str",
        "accumulate": true,
        "timeout": "",
        "count": "2",
        "reduceRight": false,
        "reduceExp": "",
        "reduceInit": "",
        "reduceInitType": "",
        "reduceFixup": "",
        "x": 510,
        "y": 760,
        "wires": [
            [
                "6ab20621f7c457a6"
            ]
        ]
    },
    {
        "id": "6ab20621f7c457a6",
        "type": "function",
        "z": "2219ea0ecc209b02",
        "name": "Get TimeSeriesSubmodel ID",
        "func": "const aasSubmodelIds = msg.payload.submodelIds;\nconst repoSubmodels = msg.payload.submodels;\n\nconst aasSubmodels = repoSubmodels.filter(sm => aasSubmodelIds.includes(sm.id));\n\nconst timeSeriesSubmodel = aasSubmodels.find(sm => sm.idShort === 'TimeSeries');\n\nconst encodedTimeSeriesSubmodelId = Buffer.from(timeSeriesSubmodel.id).toString('base64').replace(/=/g, \"\").replace(/\\+/g, \"-\").replace(/\\//g, \"_\");\n\nreturn {\n    'topic': 'timeseriesSubmodelID',\n    'payload': encodedTimeSeriesSubmodelId\n};",
        "outputs": 1,
        "timeout": 0,
        "noerr": 0,
        "initialize": "",
        "finalize": "",
        "libs": [],
        "x": 700,
        "y": 760,
        "wires": [
            [
                "9d861edc6e5809ab"
            ]
        ]
    },
    {
        "id": "619ade9966d40748",
        "type": "comment",
        "z": "2219ea0ecc209b02",
        "name": "Get PredictiveMaintenance Submodel",
        "info": "",
        "x": 670,
        "y": 880,
        "wires": []
    },
    {
        "id": "e7165432f42b2a79",
        "type": "join",
        "z": "2219ea0ecc209b02",
        "name": "",
        "mode": "custom",
        "build": "object",
        "property": "payload",
        "propertyType": "msg",
        "key": "topic",
        "joiner": "\\n",
        "joinerType": "str",
        "accumulate": true,
        "timeout": "",
        "count": "2",
        "reduceRight": false,
        "reduceExp": "",
        "reduceInit": "",
        "reduceInitType": "",
        "reduceFixup": "",
        "x": 470,
        "y": 940,
        "wires": [
            [
                "ca2ac731c3a0d0cb"
            ]
        ]
    },
    {
        "id": "ca2ac731c3a0d0cb",
        "type": "function",
        "z": "2219ea0ecc209b02",
        "name": "Get PredictiveMaintenanceSubmodel ID",
        "func": "const aasSubmodelIds = msg.payload.submodelIds;\nconst repoSubmodels = msg.payload.submodels;\n\nconst aasSubmodels = repoSubmodels.filter(sm => aasSubmodelIds.includes(sm.id));\n\nconst predictiveMaintenanceSubmodel = aasSubmodels.find(sm => sm.idShort === 'PredictiveMaintenance');\n\nconst encodedPredictiveMaintenanceId = Buffer.from(predictiveMaintenanceSubmodel.id).toString('base64').replace(/=/g, \"\").replace(/\\+/g, \"-\").replace(/\\//g, \"_\");\n\nreturn {\n    'topic': 'predictiveMaintenanceSubmodelID',\n    'payload': encodedPredictiveMaintenanceId\n};",
        "outputs": 1,
        "timeout": 0,
        "noerr": 0,
        "initialize": "",
        "finalize": "",
        "libs": [],
        "x": 700,
        "y": 940,
        "wires": [
            [
                "83f58b5461fdedac"
            ]
        ]
    },
    {
        "id": "d962b24cd61377c6",
        "type": "comment",
        "z": "2219ea0ecc209b02",
        "name": "Get ServiceRequestNotification Submodel",
        "info": "",
        "x": 700,
        "y": 1040,
        "wires": []
    },
    {
        "id": "1b4536c7dceae90a",
        "type": "join",
        "z": "2219ea0ecc209b02",
        "name": "",
        "mode": "custom",
        "build": "object",
        "property": "payload",
        "propertyType": "msg",
        "key": "topic",
        "joiner": "\\n",
        "joinerType": "str",
        "accumulate": true,
        "timeout": "",
        "count": "2",
        "reduceRight": false,
        "reduceExp": "",
        "reduceInit": "",
        "reduceInitType": "",
        "reduceFixup": "",
        "x": 490,
        "y": 1100,
        "wires": [
            [
                "f454e0a1cc1de2ba"
            ]
        ]
    },
    {
        "id": "f454e0a1cc1de2ba",
        "type": "function",
        "z": "2219ea0ecc209b02",
        "name": "Get ServiceRequestNotificationSubmodel ID",
        "func": "const aasSubmodelIds = msg.payload.submodelIds;\nconst repoSubmodels = msg.payload.submodels;\n\nconst aasSubmodels = repoSubmodels.filter(sm => aasSubmodelIds.includes(sm.id));\n\nconst serviceRequestNotificationSubmodel = aasSubmodels.find(sm => sm.idShort === 'ServiceRequestNotification');\n\nconst encodedServiceRequestNotificationSubmodelId = Buffer.from(serviceRequestNotificationSubmodel.id).toString('base64').replace(/=/g, \"\").replace(/\\+/g, \"-\").replace(/\\//g, \"_\");\n\nreturn {\n    'topic': 'serviceRequestNotificationSubmodelID',\n    'payload': encodedServiceRequestNotificationSubmodelId\n};",
        "outputs": 1,
        "timeout": 0,
        "noerr": 0,
        "initialize": "",
        "finalize": "",
        "libs": [],
        "x": 730,
        "y": 1100,
        "wires": [
            [
                "f23ba1d21fef9801"
            ]
        ]
    },
    {
        "id": "6fbaf1bd47224fc7",
        "type": "comment",
        "z": "2219ea0ecc209b02",
        "name": "Get AssetID",
        "info": "",
        "x": 670,
        "y": 240,
        "wires": []
    },
    {
        "id": "f12a3b554681a86a",
        "type": "function",
        "z": "2219ea0ecc209b02",
        "name": "Extract AssetId",
        "func": "return {\n    'topic': 'assetId',\n    'payload': msg.payload.assetInformation.globalAssetId\n};",
        "outputs": 1,
        "timeout": 0,
        "noerr": 0,
        "initialize": "",
        "finalize": "",
        "libs": [],
        "x": 680,
        "y": 280,
        "wires": [
            [
                "44f5cd57a870563b"
            ]
        ]
    },
    {
        "id": "7753177d4031a08b",
        "type": "function",
        "z": "2219ea0ecc209b02",
        "name": "Base64URLEncode",
        "func": "msg.payload = Buffer.from(msg.payload).toString('base64').replace(/=/g, \"\").replace(/\\+/g, \"-\").replace(/\\//g, \"_\");\n\nreturn msg;",
        "outputs": 1,
        "timeout": 0,
        "noerr": 0,
        "initialize": "",
        "finalize": "",
        "libs": [],
        "x": 410,
        "y": 60,
        "wires": [
            [
                "445d20ad6d45a241"
            ]
        ]
    },
    {
        "id": "f23ba1d21fef9801",
        "type": "change",
        "z": "2219ea0ecc209b02",
        "name": "",
        "rules": [
            {
                "t": "set",
                "p": "serviceRequestNotificationSubmodelID",
                "pt": "global",
                "to": "payload",
                "tot": "msg"
            }
        ],
        "action": "",
        "property": "",
        "from": "",
        "to": "",
        "reg": false,
        "x": 1130,
        "y": 1100,
        "wires": [
            [
                "82b1c7d92f66139c"
            ]
        ]
    },
    {
        "id": "83f58b5461fdedac",
        "type": "change",
        "z": "2219ea0ecc209b02",
        "name": "",
        "rules": [
            {
                "t": "set",
                "p": "predictiveMaintenanceSubmodelID",
                "pt": "global",
                "to": "payload",
                "tot": "msg"
            }
        ],
        "action": "",
        "property": "",
        "from": "",
        "to": "",
        "reg": false,
        "x": 1120,
        "y": 940,
        "wires": [
            [
                "82b1c7d92f66139c"
            ]
        ]
    },
    {
        "id": "9d861edc6e5809ab",
        "type": "change",
        "z": "2219ea0ecc209b02",
        "name": "",
        "rules": [
            {
                "t": "set",
                "p": "timeseriesSubmodelID",
                "pt": "global",
                "to": "payload",
                "tot": "msg"
            }
        ],
        "action": "",
        "property": "",
        "from": "",
        "to": "",
        "reg": false,
        "x": 1080,
        "y": 760,
        "wires": [
            [
                "82b1c7d92f66139c"
            ]
        ]
    },
    {
        "id": "44f5cd57a870563b",
        "type": "change",
        "z": "2219ea0ecc209b02",
        "name": "",
        "rules": [
            {
                "t": "set",
                "p": "senderSystemAssetId",
                "pt": "global",
                "to": "payload",
                "tot": "msg"
            }
        ],
        "action": "",
        "property": "",
        "from": "",
        "to": "",
        "reg": false,
        "x": 1080,
        "y": 280,
        "wires": [
            [
                "82b1c7d92f66139c"
            ]
        ]
    },
    {
        "id": "24c28e101d6921a8",
        "type": "change",
        "z": "2219ea0ecc209b02",
        "name": "",
        "rules": [
            {
                "t": "set",
                "p": "submodelEndpoint",
                "pt": "global",
                "to": "payload",
                "tot": "msg"
            }
        ],
        "action": "",
        "property": "",
        "from": "",
        "to": "",
        "reg": false,
        "x": 1070,
        "y": 400,
        "wires": [
            [
                "82b1c7d92f66139c",
                "860c9fe59ea42ddc"
            ]
        ]
    },
    {
        "id": "82b1c7d92f66139c",
        "type": "join",
        "z": "2219ea0ecc209b02",
        "name": "Initialization Complete",
        "mode": "custom",
        "build": "object",
        "property": "payload",
        "propertyType": "msg",
        "key": "topic",
        "joiner": "\\n",
        "joinerType": "str",
        "accumulate": true,
        "timeout": "",
        "count": "6",
        "reduceRight": false,
        "reduceExp": "",
        "reduceInit": "",
        "reduceInitType": "",
        "reduceFixup": "",
        "x": 930,
        "y": 1200,
        "wires": [
            [
                "199fca962ac6f136",
                "1d57ded1d4f12690"
            ]
        ]
    },
    {
        "id": "199fca962ac6f136",
        "type": "debug",
        "z": "2219ea0ecc209b02",
        "name": "Initialization Data",
        "active": true,
        "tosidebar": true,
        "console": false,
        "tostatus": false,
        "complete": "payload",
        "targetType": "msg",
        "statusVal": "",
        "statusType": "auto",
        "x": 1170,
        "y": 1200,
        "wires": []
    },
    {
        "id": "a6d8f21d95bb0a74",
        "type": "inject",
        "z": "2219ea0ecc209b02",
        "name": "maxCrimpOperationCount",
        "props": [
            {
                "p": "payload"
            },
            {
                "p": "topic",
                "vt": "str"
            }
        ],
        "repeat": "",
        "crontab": "",
        "once": true,
        "onceDelay": 0.1,
        "topic": "maxCrimpOperationCount",
        "payload": "MAX_CRIMP_OPERATION_COUNT",
        "payloadType": "str",
        "x": 160,
        "y": 460,
        "wires": [
            [
                "337c945adfa5e91b"
            ]
        ]
    },
    {
        "id": "337c945adfa5e91b",
        "type": "function",
        "z": "2219ea0ecc209b02",
        "name": "Check Use of default maxCrimpOperationCount",
        "func": "if (msg.payload === 'MAX_CRIMP_OPERATION_COUNT') {\n    // no maxCrimpOperationCount was provided via an env variable => use 100000 as default\n    msg.payload = 100000;\n}\n\nreturn msg;",
        "outputs": 1,
        "timeout": 0,
        "noerr": 0,
        "initialize": "",
        "finalize": "",
        "libs": [],
        "x": 500,
        "y": 460,
        "wires": [
            [
                "9e5d08e4e059c2b2"
            ]
        ]
    },
    {
        "id": "9e5d08e4e059c2b2",
        "type": "change",
        "z": "2219ea0ecc209b02",
        "name": "",
        "rules": [
            {
                "t": "set",
                "p": "maxCrimpOperationCount",
                "pt": "global",
                "to": "payload",
                "tot": "msg"
            }
        ],
        "action": "",
        "property": "",
        "from": "",
        "to": "",
        "reg": false,
        "x": 1090,
        "y": 460,
        "wires": [
            [
                "82b1c7d92f66139c"
            ]
        ]
    },
    {
        "id": "1d57ded1d4f12690",
        "type": "link out",
        "z": "2219ea0ecc209b02",
        "name": "link out 1",
        "mode": "link",
        "links": [
            "a582c570e4f5fa39"
        ],
        "x": 1145,
        "y": 1240,
        "wires": []
    },
    {
        "id": "540c3643998d4472",
        "type": "mqtt in",
        "z": "8c85b2ba13d108a6",
        "name": "",
        "topic": "",
        "qos": "2",
        "datatype": "json",
        "broker": "804d892a2c7fb215",
        "nl": false,
        "rap": true,
        "rh": 0,
        "inputs": 1,
        "x": 630,
        "y": 320,
        "wires": [
            [
                "a52cb626441f7865"
            ]
        ]
    },
    {
        "id": "529739847a5aefdd",
        "type": "http request",
        "z": "8c85b2ba13d108a6",
        "name": "GET ListConditionIndicators",
        "method": "use",
        "ret": "obj",
        "paytoqs": "ignore",
        "url": "",
        "tls": "",
        "persist": false,
        "proxy": "",
        "insecureHTTPParser": false,
        "authType": "",
        "senderr": false,
        "headers": [],
        "x": 840,
        "y": 100,
        "wires": [
            [
                "fddc81fdbeb35f6d",
                "9d88bde5cf1b2151"
            ]
        ]
    },
    {
        "id": "9d88bde5cf1b2151",
        "type": "debug",
        "z": "8c85b2ba13d108a6",
        "name": "Condition Indicators",
        "active": true,
        "tosidebar": true,
        "console": false,
        "tostatus": false,
        "complete": "payload",
        "targetType": "msg",
        "statusVal": "",
        "statusType": "auto",
        "x": 1140,
        "y": 100,
        "wires": []
    },
    {
        "id": "fddc81fdbeb35f6d",
        "type": "function",
        "z": "8c85b2ba13d108a6",
        "name": "Extract First Condition Indicators",
        "func": "var conditionIndicators = msg.payload.value;\n\nvar conditionIndicator = conditionIndicators[0].value;\n\nvar name = conditionIndicator.find(v => v.idShort === \"ConditionIndicatorName\").value[0].text;\nvar timeSeries = conditionIndicator.find(v => v.idShort === \"TimeSeries\").value.keys[0].value;\n\nvar conditionLevels = conditionIndicator.\n    find(v => v.idShort === \"ListConditionLevels\").value.\n    map(cl => {\n        return {\n            'idShort': cl.idShort,\n            'name': cl.value.find(v => v.idShort === \"IndicatedCondition\").value,\n            'min': parseFloat(cl.value.find(v => v.idShort === \"ValueRange\").min),\n            'max': parseFloat(cl.value.find(v => v.idShort === \"ValueRange\").max),\n            'handler': cl.value.find(v => v.idShort === \"Handler\")?.qualifiers.find(q => q.type === \"invocationDelegation\")?.value\n        };\n        \n    });\n\nglobal.set('conditionIndicator', {\n    'name': name,\n    'idShort': conditionIndicators[0].idShort,\n    'timeSeriesSmId': timeSeries,\n    'timeSeriesEncodedSmId':  Buffer.from(timeSeries).toString('base64').replace(/=/g, \"\").replace(/\\+/g, \"-\").replace(/\\//g, \"_\"),\n    'conditionLevels': conditionLevels\n});\n\nmsg.payload = global.get('conditionIndicator').timeSeriesEncodedSmId;\nreturn msg;",
        "outputs": 1,
        "timeout": 0,
        "noerr": 0,
        "initialize": "",
        "finalize": "",
        "libs": [],
        "x": 710,
        "y": 160,
        "wires": [
            [
                "9a83f18a1ce16e7d"
            ]
        ]
    },
    {
        "id": "9a83f18a1ce16e7d",
        "type": "function",
        "z": "8c85b2ba13d108a6",
        "name": "Subscribe MQTT Topic",
        "func": "return {\n    'action': 'subscribe',\n    'topic': 'sm-repository/sm-repo/submodels/' + msg.payload + '/submodelElements/#'\n};",
        "outputs": 1,
        "timeout": 0,
        "noerr": 0,
        "initialize": "",
        "finalize": "",
        "libs": [],
        "x": 440,
        "y": 320,
        "wires": [
            [
                "540c3643998d4472"
            ]
        ]
    },
    {
        "id": "e4da1f4a39066a68",
        "type": "debug",
        "z": "8c85b2ba13d108a6",
        "name": "MQTT Event Data",
        "active": true,
        "tosidebar": true,
        "console": false,
        "tostatus": false,
        "complete": "payload",
        "targetType": "msg",
        "statusVal": "",
        "statusType": "auto",
        "x": 1150,
        "y": 320,
        "wires": []
    },
    {
        "id": "4231123d36c3541a",
        "type": "comment",
        "z": "8c85b2ba13d108a6",
        "name": "Get Condition Indicator from Predictive Maintenance Submodel",
        "info": "",
        "x": 750,
        "y": 60,
        "wires": []
    },
    {
        "id": "da3afb150d492f20",
        "type": "comment",
        "z": "8c85b2ba13d108a6",
        "name": "Subscribe to MQTT Messages from TimeSeries Submodel",
        "info": "",
        "x": 750,
        "y": 260,
        "wires": []
    },
    {
        "id": "6f5087859cc303e4",
        "type": "comment",
        "z": "8c85b2ba13d108a6",
        "name": "Get Current ConditionLevel from MQTT Event",
        "info": "",
        "x": 690,
        "y": 420,
        "wires": []
    },
    {
        "id": "a52cb626441f7865",
        "type": "function",
        "z": "8c85b2ba13d108a6",
        "name": "Extract MQTT Event Data",
        "func": "if (msg.payload.modelType !== 'Property') {\n    return;\n}\n\nmsg.payload = {\n    'name': msg.payload.idShort,\n    'value': msg.payload.value\n};\n\nreturn msg;",
        "outputs": 1,
        "timeout": 0,
        "noerr": 0,
        "initialize": "",
        "finalize": "",
        "libs": [],
        "x": 850,
        "y": 320,
        "wires": [
            [
                "e4da1f4a39066a68",
                "88b726a89917994f"
            ]
        ]
    },
    {
        "id": "88b726a89917994f",
        "type": "function",
        "z": "8c85b2ba13d108a6",
        "name": "Filter Relevant MQTT Event",
        "func": "var conditionIndicator = global.get('conditionIndicator');\n\nif (msg.payload.name !== conditionIndicator.name) {\n    // mqtt event does not describe change of condition indicator\n    return;\n}\n\nreturn msg;",
        "outputs": 1,
        "timeout": 0,
        "noerr": 0,
        "initialize": "",
        "finalize": "",
        "libs": [],
        "x": 580,
        "y": 480,
        "wires": [
            [
                "620c23ac09d90626"
            ]
        ]
    },
    {
        "id": "fdd814f5dbfcf8c8",
        "type": "debug",
        "z": "8c85b2ba13d108a6",
        "name": "Current Condition Level",
        "active": true,
        "tosidebar": true,
        "console": false,
        "tostatus": false,
        "complete": "payload",
        "targetType": "msg",
        "statusVal": "",
        "statusType": "auto",
        "x": 1170,
        "y": 480,
        "wires": []
    },
    {
        "id": "620c23ac09d90626",
        "type": "function",
        "z": "8c85b2ba13d108a6",
        "name": "Get Current Condition Level",
        "func": "const currentValue = msg.payload.value;\n\nconst conditionIndicator = global.get('conditionIndicator');\n\nfor (const level of conditionIndicator.conditionLevels) {\n\n    if ((isNaN(level.min) || currentValue >= level.min) && (isNaN(level.max) || currentValue <= level.max)) {\n        return {\n            'payload': {\n                'name': level.name,\n                'value': currentValue\n            },\n            'topic': 'currentConditionLevel'\n        }\n    }\n}",
        "outputs": 1,
        "timeout": 0,
        "noerr": 0,
        "initialize": "",
        "finalize": "",
        "libs": [],
        "x": 860,
        "y": 480,
        "wires": [
            [
                "fdd814f5dbfcf8c8",
                "177820494312d679",
                "bcab8628e1fe4d08"
            ]
        ]
    },
    {
        "id": "2d6513b59dcf6c1f",
        "type": "comment",
        "z": "8c85b2ba13d108a6",
        "name": "Get Operation Handler for Current Condition Level",
        "info": "",
        "x": 690,
        "y": 900,
        "wires": []
    },
    {
        "id": "7f6bc815b1836941",
        "type": "function",
        "z": "8c85b2ba13d108a6",
        "name": "Get Handler Endpoint",
        "func": "var currentConditionLevel = msg.payload.name;\n\nconst conditionIndicator = global.get('conditionIndicator');\n\nvar handler = conditionIndicator.conditionLevels.find(l => l.name === currentConditionLevel)?.handler;\n\nif (typeof(handler) !== 'undefined') {\n    \n    const endpoint = \n        global.get('submodelEndpoint') + \n        '/' +\n        global.get('predictiveMaintenanceSubmodelID') + \n        '/submodel-elements/ConditionMonitoring.ListConditionIndicators.' +\n        conditionIndicator.idShort + \n        '.ListConditionLevels.' + \n        conditionIndicator.conditionLevels.find(l => l.name === currentConditionLevel).idShort + \n        '.Handler/invoke';\n\n    return {\n        'payload': {\n            \"inputArguments\": [],\n            \"inoutputArguments\": []\n        },\n        'handler': handler,\n        'url': endpoint,\n        'headers': {\n            'Content-Type': 'application/json'\n        }\n    };\n}",
        "outputs": 1,
        "timeout": 0,
        "noerr": 0,
        "initialize": "",
        "finalize": "",
        "libs": [],
        "x": 680,
        "y": 960,
        "wires": [
            [
                "8c570c75c0e4ad4f",
                "5bba24f8385410b0"
            ]
        ]
    },
    {
        "id": "8c570c75c0e4ad4f",
        "type": "debug",
        "z": "8c85b2ba13d108a6",
        "name": "Handler Request",
        "active": true,
        "tosidebar": true,
        "console": false,
        "tostatus": false,
        "complete": "true",
        "targetType": "full",
        "statusVal": "",
        "statusType": "auto",
        "x": 1150,
        "y": 960,
        "wires": []
    },
    {
        "id": "5bba24f8385410b0",
        "type": "http request",
        "z": "8c85b2ba13d108a6",
        "name": "POST InvokeOperation",
        "method": "POST",
        "ret": "txt",
        "paytoqs": "ignore",
        "url": "",
        "tls": "",
        "persist": false,
        "proxy": "",
        "insecureHTTPParser": false,
        "authType": "",
        "senderr": false,
        "headers": [],
        "x": 650,
        "y": 1100,
        "wires": [
            [
                "450f614a3418eb35"
            ]
        ]
    },
    {
        "id": "56d22ab046052d0d",
        "type": "comment",
        "z": "8c85b2ba13d108a6",
        "name": "Call Operation Handler for Current Condition Level",
        "info": "",
        "x": 690,
        "y": 1040,
        "wires": []
    },
    {
        "id": "91ebc824a95cc4d7",
        "type": "comment",
        "z": "8c85b2ba13d108a6",
        "name": "Check Condition Level Has Changed",
        "info": "",
        "x": 680,
        "y": 760,
        "wires": []
    },
    {
        "id": "177820494312d679",
        "type": "function",
        "z": "8c85b2ba13d108a6",
        "name": "Check Condition Level has Changed",
        "func": "const lastConditionLevel = global.get('LastConditionLevel');\nconst currentConditionLevel = msg.payload.name;\n\nif (lastConditionLevel !== currentConditionLevel) {\n    global.set('LastConditionLevel', currentConditionLevel)\n    return msg;\n}",
        "outputs": 1,
        "timeout": 0,
        "noerr": 0,
        "initialize": "",
        "finalize": "",
        "libs": [],
        "x": 670,
        "y": 800,
        "wires": [
            [
                "7f6bc815b1836941"
            ]
        ]
    },
    {
        "id": "06c6426397c41836",
        "type": "debug",
        "z": "8c85b2ba13d108a6",
        "name": "Update RUL Response",
        "active": true,
        "tosidebar": true,
        "console": false,
        "tostatus": false,
        "complete": "true",
        "targetType": "full",
        "statusVal": "",
        "statusType": "auto",
        "x": 1180,
        "y": 640,
        "wires": []
    },
    {
        "id": "0a6c7a95baa873d2",
        "type": "comment",
        "z": "8c85b2ba13d108a6",
        "name": "Update RUL",
        "info": "",
        "x": 630,
        "y": 580,
        "wires": []
    },
    {
        "id": "bcab8628e1fe4d08",
        "type": "function",
        "z": "8c85b2ba13d108a6",
        "name": "Build Update RUL Message",
        "func": "const ret = {};\n\nret.url = global.get('submodelEndpoint') + '/' + global.get('predictiveMaintenanceSubmodelID') + '/submodel-elements/RemainingUsefulLifePrediction.RemainingUsefulLife.RemainingUsefulLifeInOperation/$value';\nret.method = 'PATCH';\nret.payload = JSON.stringify(`${global.get('maxCrimpOperationCount') - msg.payload.value}`);\n\nreturn ret;",
        "outputs": 1,
        "timeout": 0,
        "noerr": 0,
        "initialize": "",
        "finalize": "",
        "libs": [],
        "x": 540,
        "y": 640,
        "wires": [
            [
                "6a9d940754af1fa2"
            ]
        ]
    },
    {
        "id": "6a9d940754af1fa2",
        "type": "http request",
        "z": "8c85b2ba13d108a6",
        "name": "PATCH UpdateRemainingUsefulLifePrediction",
        "method": "use",
        "ret": "txt",
        "paytoqs": "ignore",
        "url": "",
        "tls": "",
        "persist": false,
        "proxy": "",
        "insecureHTTPParser": false,
        "authType": "",
        "senderr": false,
        "headers": [
            {
                "keyType": "other",
                "keyValue": "Content-Type",
                "valueType": "other",
                "valueValue": "application/json"
            }
        ],
        "x": 860,
        "y": 640,
        "wires": [
            [
                "06c6426397c41836"
            ]
        ]
    },
    {
        "id": "450f614a3418eb35",
        "type": "debug",
        "z": "8c85b2ba13d108a6",
        "name": "Handler Response",
        "active": true,
        "tosidebar": true,
        "console": false,
        "tostatus": false,
        "complete": "true",
        "targetType": "full",
        "statusVal": "",
        "statusType": "auto",
        "x": 1150,
        "y": 1100,
        "wires": []
    },
    {
        "id": "12157f4b0848336d",
        "type": "function",
        "z": "8c85b2ba13d108a6",
        "name": "Build GET ListConditionIndicators Message",
        "func": "return {\n    'method': 'get',\n    'url': global.get('submodelEndpoint') + '/' + global.get('predictiveMaintenanceSubmodelID') + '/submodel-elements/ConditionMonitoring.ListConditionIndicators'\n};",
        "outputs": 1,
        "timeout": 0,
        "noerr": 0,
        "initialize": "",
        "finalize": "",
        "libs": [],
        "x": 510,
        "y": 100,
        "wires": [
            [
                "529739847a5aefdd"
            ]
        ]
    },
    {
        "id": "a582c570e4f5fa39",
        "type": "link in",
        "z": "8c85b2ba13d108a6",
        "name": "link in 1",
        "links": [
            "cf9a537b89ad4dce",
            "1d57ded1d4f12690"
        ],
        "x": 285,
        "y": 100,
        "wires": [
            [
                "12157f4b0848336d"
            ]
        ]
    },
    {
        "id": "4dd5e34a7096ccd6",
        "type": "http in",
        "z": "062e3fb368650f56",
        "name": "ConditionLevel Handler",
        "url": "/handler/:level",
        "method": "post",
        "upload": false,
        "swaggerDoc": "",
        "x": 220,
        "y": 100,
        "wires": [
            [
                "04acb3423f6d77aa",
                "a4164c6ccd288904"
            ]
        ]
    },
    {
        "id": "04acb3423f6d77aa",
        "type": "debug",
        "z": "062e3fb368650f56",
        "name": "Handler Request Message",
        "active": true,
        "tosidebar": true,
        "console": false,
        "tostatus": false,
        "complete": "true",
        "targetType": "full",
        "statusVal": "",
        "statusType": "auto",
        "x": 780,
        "y": 100,
        "wires": []
    },
    {
        "id": "553680436b60bb06",
        "type": "debug",
        "z": "062e3fb368650f56",
        "name": "SRN Request Message",
        "active": true,
        "tosidebar": true,
        "console": false,
        "tostatus": false,
        "complete": "true",
        "targetType": "full",
        "statusVal": "",
        "statusType": "auto",
        "x": 770,
        "y": 320,
        "wires": []
    },
    {
        "id": "af4ba512bdf44a86",
        "type": "comment",
        "z": "062e3fb368650f56",
        "name": "Level02 Handler -> Create Service Request Notification in SRN Submodel",
        "info": "",
        "x": 480,
        "y": 260,
        "wires": []
    },
    {
        "id": "2b1a908d7709ab4c",
        "type": "http request",
        "z": "062e3fb368650f56",
        "name": "POST CreateServiceRequestNotification",
        "method": "use",
        "ret": "txt",
        "paytoqs": "ignore",
        "url": "",
        "tls": "",
        "persist": false,
        "proxy": "",
        "insecureHTTPParser": false,
        "authType": "",
        "senderr": false,
        "headers": [],
        "x": 420,
        "y": 380,
        "wires": [
            [
                "d2c91c3ce6cdf191",
                "536e760bb78d7bc8"
            ]
        ]
    },
    {
        "id": "8d4d756f544cf9be",
        "type": "function",
        "z": "062e3fb368650f56",
        "name": "Build Create SRN Message",
        "func": "const timestamp = new Date().toISOString();\n\nmsg.url = global.get('submodelEndpoint') + '/' + global.get('serviceRequestNotificationSubmodelID') + '/submodel-elements';\nmsg.method = 'POST';\nmsg.payload = {\n    \"modelType\": \"SubmodelElementCollection\",\n    \"semanticId\": {\n        \"keys\": [\n            {\n                \"type\": \"GlobalReference\",\n                \"value\": \"0173-1#02-ABI788#001/0173-1#01-AHX444#001\"\n            }\n        ],\n        \"type\": \"ExternalReference\"\n    },\n    \"qualifiers\": [\n        {\n            \"kind\": \"ConceptQualifier\",\n            \"type\": \"Cardinality\",\n            \"value\": \"ZeroToMany\",\n            \"valueType\": \"xs:string\"\n        }\n    ],\n    \"displayName\": [\n        {\n            \"language\": \"de\",\n            \"text\": \"Servicebedarfsmeldung\"\n        },\n        {\n            \"language\": \"en\",\n            \"text\": \"Service request notification\"\n        }\n    ],\n    \"idShort\": \"ServiceRequestNotification_\" + timestamp.replaceAll(':', '_').replaceAll('-', '_').replaceAll('.', '_'),\n    \"value\": [\n        {\n            \"modelType\": \"SubmodelElementCollection\",\n            \"semanticId\": {\n                \"keys\": [\n                    {\n                        \"type\": \"GlobalReference\",\n                        \"value\": \"0173-1#02-ABI792#00/0173-1#01-AHX448#001\"\n                    }\n                ],\n                \"type\": \"ExternalReference\"\n            },\n            \"qualifiers\": [\n                {\n                    \"kind\": \"ConceptQualifier\",\n                    \"type\": \"Cardinality\",\n                    \"value\": \"One\",\n                    \"valueType\": \"xs:string\"\n                }\n            ],\n            \"displayName\": [\n                {\n                    \"language\": \"de\",\n                    \"text\": \"Gemeldet von\"\n                },\n                {\n                    \"language\": \"en\",\n                    \"text\": \"Reported by\"\n                }\n            ],\n            \"idShort\": \"ReportedBy\",\n            \"value\": [\n                {\n                    \"modelType\": \"Entity\",\n                    \"entityType\": \"SelfManagedEntity\",\n                    \"globalAssetId\": global.get('senderSystemAssetId'),\n                    \"semanticId\": {\n                        \"keys\": [\n                            {\n                                \"type\": \"GlobalReference\",\n                                \"value\": \"0173-1#02-ABI770#001\"\n                            }\n                        ],\n                        \"type\": \"ExternalReference\"\n                    },\n                    \"qualifiers\": [\n                        {\n                            \"kind\": \"ConceptQualifier\",\n                            \"type\": \"Cardinality\",\n                            \"value\": \"ZeroToOne\",\n                            \"valueType\": \"xs:string\"\n                        }\n                    ],\n                    \"displayName\": [\n                        {\n                            \"language\": \"de\",\n                            \"text\": \"Sendendes System\"\n                        },\n                        {\n                            \"language\": \"en\",\n                            \"text\": \"Sender system\"\n                        }\n                    ],\n                    \"idShort\": \"SenderSystem\"\n                }\n            ]\n        },\n        {\n            \"modelType\": \"SubmodelElementCollection\",\n            \"semanticId\": {\n                \"keys\": [\n                    {\n                        \"type\": \"GlobalReference\",\n                        \"value\": \"0173-1#02-ABI789#001/0173-1#01-AHX445#001\"\n                    }\n                ],\n                \"type\": \"ExternalReference\"\n            },\n            \"qualifiers\": [\n                {\n                    \"kind\": \"ConceptQualifier\",\n                    \"type\": \"Cardinality\",\n                    \"value\": \"ZeroToOne\",\n                    \"valueType\": \"xs:string\"\n                }\n            ],\n            \"displayName\": [\n                {\n                    \"language\": \"de\",\n                    \"text\": \"Detailinformationen zum Servicebedarf\"\n                },\n                {\n                    \"language\": \"en\",\n                    \"text\": \"Detailed information of service need\"\n                }\n            ],\n            \"idShort\": \"DetailedInformation\",\n            \"value\": [\n                {\n                    \"modelType\": \"MultiLanguageProperty\",\n                    \"semanticId\": {\n                        \"keys\": [\n                            {\n                                \"type\": \"GlobalReference\",\n                                \"value\": \"0173-1#02-ABI764#001\"\n                            }\n                        ],\n                        \"type\": \"ExternalReference\"\n                    },\n                    \"value\": [\n                        {\n                            \"language\": \"en\",\n                            \"text\": \"Replace Applicator\"\n                        }\n                    ],\n                    \"qualifiers\": [\n                        {\n                            \"kind\": \"ConceptQualifier\",\n                            \"type\": \"Cardinality\",\n                            \"value\": \"ZeroToOne\",\n                            \"valueType\": \"xs:string\"\n                        }\n                    ],\n                    \"category\": \"PARAMETER\",\n                    \"displayName\": [\n                        {\n                            \"language\": \"de\",\n                            \"text\": \"Langtext zur Servicebedarfsmeldung\"\n                        },\n                        {\n                            \"language\": \"en\",\n                            \"text\": \"Long text of Service Request \"\n                        }\n                    ],\n                    \"idShort\": \"LongText\"\n                },\n                {\n                    \"modelType\": \"Property\",\n                    \"semanticId\": {\n                        \"keys\": [\n                            {\n                                \"type\": \"GlobalReference\",\n                                \"value\": \"0173-1#02-ABI765#001\"\n                            }\n                        ],\n                        \"type\": \"ExternalReference\"\n                    },\n                    \"value\": timestamp,\n                    \"valueType\": \"xs:dateTime\",\n                    \"qualifiers\": [\n                        {\n                            \"kind\": \"ConceptQualifier\",\n                            \"type\": \"Cardinality\",\n                            \"value\": \"ZeroToOne\",\n                            \"valueType\": \"xs:string\"\n                        }\n                    ],\n                    \"category\": \"PARAMETER\",\n                    \"displayName\": [\n                        {\n                            \"language\": \"de\",\n                            \"text\": \"Beginn der Störung\"\n                        },\n                        {\n                            \"language\": \"en\",\n                            \"text\": \"Start of fault\"\n                        }\n                    ],\n                    \"idShort\": \"StartOfFault\"\n                },\n                {\n                    \"modelType\": \"Property\",\n                    \"semanticId\": {\n                        \"keys\": [\n                            {\n                                \"type\": \"GlobalReference\",\n                                \"value\": \"0173-1#02-ABI766#001\"\n                            }\n                        ],\n                        \"type\": \"ExternalReference\"\n                    },\n                    \"value\": \"E0815\",\n                    \"valueType\": \"xs:string\",\n                    \"qualifiers\": [\n                        {\n                            \"kind\": \"ConceptQualifier\",\n                            \"type\": \"Cardinality\",\n                            \"value\": \"ZeroToOne\",\n                            \"valueType\": \"xs:string\"\n                        }\n                    ],\n                    \"category\": \"PARAMETER\",\n                    \"displayName\": [\n                        {\n                            \"language\": \"de\",\n                            \"text\": \"Fehlercode\"\n                        },\n                        {\n                            \"language\": \"en\",\n                            \"text\": \"Error code\"\n                        }\n                    ],\n                    \"idShort\": \"ErrorCode\"\n                }\n            ]\n        },\n        {\n            \"modelType\": \"SubmodelElementCollection\",\n            \"semanticId\": {\n                \"keys\": [\n                    {\n                        \"type\": \"GlobalReference\",\n                        \"value\": \"0173-1#02-ABI793#001/0173-1#01-AHX449#001\"\n                    }\n                ],\n                \"type\": \"ExternalReference\"\n            },\n            \"qualifiers\": [\n                {\n                    \"kind\": \"ConceptQualifier\",\n                    \"type\": \"Cardinality\",\n                    \"value\": \"ZeroToOne\",\n                    \"valueType\": \"xs:string\"\n                }\n            ],\n            \"displayName\": [\n                {\n                    \"language\": \"de\",\n                    \"text\": \"Ansprechpartner vor Ort\"\n                },\n                {\n                    \"language\": \"en\",\n                    \"text\": \"Onsite contact\"\n                }\n            ],\n            \"idShort\": \"OnsiteContact\",\n            \"value\": [\n                {\n                    \"modelType\": \"SubmodelElementCollection\",\n                    \"semanticId\": {\n                        \"keys\": [\n                            {\n                                \"type\": \"GlobalReference\",\n                                \"value\": \"0173-1#02-AAQ837#007/0173-1#01-ADR448#007\"\n                            }\n                        ],\n                        \"type\": \"ExternalReference\"\n                    },\n                    \"qualifiers\": [\n                        {\n                            \"kind\": \"ConceptQualifier\",\n                            \"type\": \"Cardinality\",\n                            \"value\": \"OneToMany\",\n                            \"valueType\": \"xs:string\"\n                        }\n                    ],\n                    \"description\": [\n                        {\n                            \"language\": \"en\",\n                            \"text\": \"The SMC “ContactInformation” contains information on how to contact the manufacturer or an authorised service provider, e.g. when a maintenance service is required\"\n                        }\n                    ],\n                    \"displayName\": [\n                        {\n                            \"language\": \"de\",\n                            \"text\": \"Kontaktinformationen\"\n                        },\n                        {\n                            \"language\": \"en\",\n                            \"text\": \"Contact information\"\n                        }\n                    ],\n                    \"idShort\": \"ContactInformation\",\n                    \"value\": [\n                        {\n                            \"modelType\": \"Property\",\n                            \"semanticId\": {\n                                \"keys\": [\n                                    {\n                                        \"type\": \"GlobalReference\",\n                                        \"value\": \"0173-1#02-AAO204#003\"\n                                    }\n                                ],\n                                \"type\": \"ExternalReference\"\n                            },\n                            \"value\": \"WDM Machines Representative\",\n                            \"valueType\": \"xs:string\",\n                            \"category\": \"PARAMETER\",\n                            \"idShort\": \"RoleOfContactPerson\"\n                        },\n                        {\n                            \"modelType\": \"Property\",\n                            \"semanticId\": {\n                                \"keys\": [\n                                    {\n                                        \"type\": \"GlobalReference\",\n                                        \"value\": \"https://admin-shell.io/zvei/nameplate/1/0/ContactInformation/Language\"\n                                    }\n                                ],\n                                \"type\": \"ExternalReference\"\n                            },\n                            \"value\": \"german\",\n                            \"valueType\": \"xs:string\",\n                            \"category\": \"PARAMETER\",\n                            \"idShort\": \"Language\"\n                        },\n                        {\n                            \"modelType\": \"Property\",\n                            \"semanticId\": {\n                                \"keys\": [\n                                    {\n                                        \"type\": \"GlobalReference\",\n                                        \"value\": \"0173-1#02-AAQ326#002\"\n                                    }\n                                ],\n                                \"type\": \"ExternalReference\"\n                            },\n                            \"value\": \"www.wezag.de/kontakt/\",\n                            \"valueType\": \"xs:string\",\n                            \"category\": \"PARAMETER\",\n                            \"idShort\": \"AddressOfAdditionalLink\"\n                        },\n                        {\n                            \"modelType\": \"MultiLanguageProperty\",\n                            \"semanticId\": {\n                                \"keys\": [\n                                    {\n                                        \"type\": \"GlobalReference\",\n                                        \"value\": \"0173-1#02-AAO134#002\"\n                                    }\n                                ],\n                                \"type\": \"ExternalReference\"\n                            },\n                            \"value\": [\n                                {\n                                    \"language\": \"\",\n                                    \"text\": \"de\"\n                                }\n                            ],\n                            \"category\": \"PARAMETER\",\n                            \"idShort\": \"NationalCode\"\n                        },\n                        {\n                            \"modelType\": \"MultiLanguageProperty\",\n                            \"semanticId\": {\n                                \"keys\": [\n                                    {\n                                        \"type\": \"GlobalReference\",\n                                        \"value\": \"0173-1#02-AAO132#002\"\n                                    }\n                                ],\n                                \"type\": \"ExternalReference\"\n                            },\n                            \"value\": [\n                                {\n                                    \"language\": \"\",\n                                    \"text\": \"Stadtallendorf\"\n                                }\n                            ],\n                            \"category\": \"PARAMETER\",\n                            \"idShort\": \"City_Town\"\n                        },\n                        {\n                            \"modelType\": \"MultiLanguageProperty\",\n                            \"semanticId\": {\n                                \"keys\": [\n                                    {\n                                        \"type\": \"GlobalReference\",\n                                        \"value\": \"0173-1#02-AAO735#003\"\n                                    }\n                                ],\n                                \"type\": \"ExternalReference\"\n                            },\n                            \"value\": [\n                                {\n                                    \"language\": \"de\",\n                                    \"text\": \"WEZAG GmbH & Co. KG\"\n                                },\n                                {\n                                    \"language\": \"en\",\n                                    \"text\": \"WEZAG GmbH & Co. KG\"\n                                }\n                            ],\n                            \"category\": \"PARAMETER\",\n                            \"idShort\": \"NameOfSupplier\"\n                        },\n                        {\n                            \"modelType\": \"MultiLanguageProperty\",\n                            \"semanticId\": {\n                                \"keys\": [\n                                    {\n                                        \"type\": \"GlobalReference\",\n                                        \"value\": \"0173-1#02-AAO127#003\"\n                                    }\n                                ],\n                                \"type\": \"ExternalReference\"\n                            },\n                            \"value\": [\n                                {\n                                    \"language\": \"de\",\n                                    \"text\": \"WDT Maschinen\"\n                                },\n                                {\n                                    \"language\": \"en\",\n                                    \"text\": \"WDT machines\"\n                                }\n                            ],\n                            \"category\": \"PARAMETER\",\n                            \"idShort\": \"Department\"\n                        },\n                        {\n                            \"modelType\": \"MultiLanguageProperty\",\n                            \"semanticId\": {\n                                \"keys\": [\n                                    {\n                                        \"type\": \"GlobalReference\",\n                                        \"value\": \"0173-1#02-AAO128#002\"\n                                    }\n                                ],\n                                \"type\": \"ExternalReference\"\n                            },\n                            \"value\": [\n                                {\n                                    \"language\": \"de\",\n                                    \"text\": \"Wittigstraße 8\"\n                                },\n                                {\n                                    \"language\": \"en\",\n                                    \"text\": \"Wittigstraße 8\"\n                                }\n                            ],\n                            \"category\": \"PARAMETER\",\n                            \"idShort\": \"Street\"\n                        },\n                        {\n                            \"modelType\": \"MultiLanguageProperty\",\n                            \"semanticId\": {\n                                \"keys\": [\n                                    {\n                                        \"type\": \"GlobalReference\",\n                                        \"value\": \"0173-1#02-AAO129#002\"\n                                    }\n                                ],\n                                \"type\": \"ExternalReference\"\n                            },\n                            \"value\": [\n                                {\n                                    \"language\": \"de\",\n                                    \"text\": \"35260\"\n                                },\n                                {\n                                    \"language\": \"en\",\n                                    \"text\": \"35260\"\n                                }\n                            ],\n                            \"category\": \"PARAMETER\",\n                            \"idShort\": \"ZipCode\"\n                        },\n                        {\n                            \"modelType\": \"MultiLanguageProperty\",\n                            \"semanticId\": {\n                                \"keys\": [\n                                    {\n                                        \"type\": \"GlobalReference\",\n                                        \"value\": \"0173-1#02-AAO130#002\"\n                                    }\n                                ],\n                                \"type\": \"ExternalReference\"\n                            },\n                            \"category\": \"PARAMETER\",\n                            \"idShort\": \"POBox\"\n                        },\n                        {\n                            \"modelType\": \"MultiLanguageProperty\",\n                            \"semanticId\": {\n                                \"keys\": [\n                                    {\n                                        \"type\": \"GlobalReference\",\n                                        \"value\": \"0173-1#02-AAO131#002\"\n                                    }\n                                ],\n                                \"type\": \"ExternalReference\"\n                            },\n                            \"category\": \"PARAMETER\",\n                            \"idShort\": \"ZipCodeOfPOBox\"\n                        },\n                        {\n                            \"modelType\": \"MultiLanguageProperty\",\n                            \"semanticId\": {\n                                \"keys\": [\n                                    {\n                                        \"type\": \"GlobalReference\",\n                                        \"value\": \"0173-1#02-AAO133#002\"\n                                    }\n                                ],\n                                \"type\": \"ExternalReference\"\n                            },\n                            \"value\": [\n                                {\n                                    \"language\": \"de\",\n                                    \"text\": \"Hessen\"\n                                },\n                                {\n                                    \"language\": \"en\",\n                                    \"text\": \"Hessen\"\n                                }\n                            ],\n                            \"category\": \"PARAMETER\",\n                            \"idShort\": \"State_County\"\n                        },\n                        {\n                            \"modelType\": \"MultiLanguageProperty\",\n                            \"semanticId\": {\n                                \"keys\": [\n                                    {\n                                        \"type\": \"GlobalReference\",\n                                        \"value\": \"0173-1#02-AAO205#002\"\n                                    }\n                                ],\n                                \"type\": \"ExternalReference\"\n                            },\n                            \"category\": \"PARAMETER\",\n                            \"idShort\": \"NameOfContact\"\n                        },\n                        {\n                            \"modelType\": \"MultiLanguageProperty\",\n                            \"semanticId\": {\n                                \"keys\": [\n                                    {\n                                        \"type\": \"GlobalReference\",\n                                        \"value\": \"0173-1#02-AAO206#002\"\n                                    }\n                                ],\n                                \"type\": \"ExternalReference\"\n                            },\n                            \"category\": \"PARAMETER\",\n                            \"idShort\": \"FirstName\"\n                        },\n                        {\n                            \"modelType\": \"MultiLanguageProperty\",\n                            \"semanticId\": {\n                                \"keys\": [\n                                    {\n                                        \"type\": \"GlobalReference\",\n                                        \"value\": \"0173-1#02-AAO207#002\"\n                                    }\n                                ],\n                                \"type\": \"ExternalReference\"\n                            },\n                            \"category\": \"PARAMETER\",\n                            \"idShort\": \"MiddleNames\"\n                        },\n                        {\n                            \"modelType\": \"MultiLanguageProperty\",\n                            \"semanticId\": {\n                                \"keys\": [\n                                    {\n                                        \"type\": \"GlobalReference\",\n                                        \"value\": \"0173-1#02-AAO208#003\"\n                                    }\n                                ],\n                                \"type\": \"ExternalReference\"\n                            },\n                            \"category\": \"PARAMETER\",\n                            \"idShort\": \"Title\"\n                        },\n                        {\n                            \"modelType\": \"MultiLanguageProperty\",\n                            \"semanticId\": {\n                                \"keys\": [\n                                    {\n                                        \"type\": \"GlobalReference\",\n                                        \"value\": \"0173-1#02-AAO209#003\"\n                                    }\n                                ],\n                                \"type\": \"ExternalReference\"\n                            },\n                            \"category\": \"PARAMETER\",\n                            \"idShort\": \"AcademicTitle\"\n                        },\n                        {\n                            \"modelType\": \"MultiLanguageProperty\",\n                            \"semanticId\": {\n                                \"keys\": [\n                                    {\n                                        \"type\": \"GlobalReference\",\n                                        \"value\": \"0173-1#02-AAO210#002\"\n                                    }\n                                ],\n                                \"type\": \"ExternalReference\"\n                            },\n                            \"category\": \"PARAMETER\",\n                            \"idShort\": \"FurtherDetailsOfContact\"\n                        },\n                        {\n                            \"modelType\": \"SubmodelElementCollection\",\n                            \"semanticId\": {\n                                \"keys\": [\n                                    {\n                                        \"type\": \"GlobalReference\",\n                                        \"value\": \"0173-1#02-AAQ833#005\"\n                                    }\n                                ],\n                                \"type\": \"ExternalReference\"\n                            },\n                            \"category\": \"PARAMETER\",\n                            \"idShort\": \"Phone\",\n                            \"value\": [\n                                {\n                                    \"modelType\": \"MultiLanguageProperty\",\n                                    \"semanticId\": {\n                                        \"keys\": [\n                                            {\n                                                \"type\": \"GlobalReference\",\n                                                \"value\": \"0173-1#02-AAO136#002\"\n                                            }\n                                        ],\n                                        \"type\": \"ExternalReference\"\n                                    },\n                                    \"value\": [\n                                        {\n                                            \"language\": \"de\",\n                                            \"text\": \"+49 6428 704-0\"\n                                        },\n                                        {\n                                            \"language\": \"en\",\n                                            \"text\": \"+49 6428 704-0\"\n                                        }\n                                    ],\n                                    \"category\": \"PARAMETER\",\n                                    \"idShort\": \"TelephoneNumber\"\n                                },\n                                {\n                                    \"modelType\": \"Property\",\n                                    \"semanticId\": {\n                                        \"keys\": [\n                                            {\n                                                \"type\": \"GlobalReference\",\n                                                \"value\": \"0173-1#02-AAO137#003\"\n                                            }\n                                        ],\n                                        \"type\": \"ExternalReference\"\n                                    },\n                                    \"value\": \"\",\n                                    \"valueType\": \"xs:string\",\n                                    \"category\": \"PARAMETER\",\n                                    \"idShort\": \"TypeOfTelephone\"\n                                }\n                            ]\n                        },\n                        {\n                            \"modelType\": \"SubmodelElementCollection\",\n                            \"semanticId\": {\n                                \"keys\": [\n                                    {\n                                        \"type\": \"GlobalReference\",\n                                        \"value\": \"https://admin-shell.io/zvei/nameplate/1/0/ContactInformation/IPCommunication\"\n                                    }\n                                ],\n                                \"type\": \"ExternalReference\"\n                            },\n                            \"category\": \"PARAMETER\",\n                            \"idShort\": \"IPCommunication\",\n                            \"value\": [\n                                {\n                                    \"modelType\": \"Property\",\n                                    \"semanticId\": {\n                                        \"keys\": [\n                                            {\n                                                \"type\": \"GlobalReference\",\n                                                \"value\": \"0173-1#02-AAQ326#002\"\n                                            }\n                                        ],\n                                        \"type\": \"ExternalReference\"\n                                    },\n                                    \"value\": \"https://www.wezag.de/kontakt/\",\n                                    \"valueType\": \"xs:string\",\n                                    \"category\": \"PARAMETER\",\n                                    \"idShort\": \"AddressOfAdditionalLink\"\n                                },\n                                {\n                                    \"modelType\": \"Property\",\n                                    \"semanticId\": {\n                                        \"keys\": [\n                                            {\n                                                \"type\": \"GlobalReference\",\n                                                \"value\": \"https://admin-shell.io/zvei/nameplate/1/0/ContactInformation/IPCommunication/TypeOfCommunication\"\n                                            }\n                                        ],\n                                        \"type\": \"ExternalReference\"\n                                    },\n                                    \"value\": \"Telefon und Email\",\n                                    \"valueType\": \"xs:string\",\n                                    \"category\": \"PARAMETER\",\n                                    \"idShort\": \"TypeOfCommunication\"\n                                },\n                                {\n                                    \"modelType\": \"MultiLanguageProperty\",\n                                    \"semanticId\": {\n                                        \"keys\": [\n                                            {\n                                                \"type\": \"GlobalReference\",\n                                                \"value\": \"0173-1#02-AAO201#002\"\n                                            }\n                                        ],\n                                        \"type\": \"ExternalReference\"\n                                    },\n                                    \"category\": \"PARAMETER\",\n                                    \"idShort\": \"TypeOfPublicKey\"\n                                }\n                            ]\n                        }\n                    ]\n                }\n            ]\n        },\n        {\n            \"modelType\": \"Property\",\n            \"semanticId\": {\n                \"keys\": [\n                    {\n                        \"type\": \"GlobalReference\",\n                        \"value\": \"0173-1#02-ABI772#001\"\n                    }\n                ],\n                \"type\": \"ExternalReference\"\n            },\n            \"value\": \"SRNID_\" + timestamp,\n            \"valueType\": \"xs:string\",\n            \"qualifiers\": [\n                {\n                    \"kind\": \"ConceptQualifier\",\n                    \"type\": \"Cardinality\",\n                    \"value\": \"ZeroToOne\",\n                    \"valueType\": \"xs:string\"\n                }\n            ],\n            \"category\": \"PARAMETER\",\n            \"displayName\": [\n                {\n                    \"language\": \"de\",\n                    \"text\": \"ID der Bedarfsmeldung\"\n                },\n                {\n                    \"language\": \"en\",\n                    \"text\": \"ID of Service Request Notification\"\n                }\n            ],\n            \"idShort\": \"ServiceRequestNotificationId\"\n        },\n        {\n            \"modelType\": \"Property\",\n            \"semanticId\": {\n                \"keys\": [\n                    {\n                        \"type\": \"GlobalReference\",\n                        \"value\": \"0173-1#02-ABH938#002\"\n                    }\n                ],\n                \"type\": \"ExternalReference\"\n            },\n            \"value\": \"Sent\",\n            \"valueType\": \"xs:string\",\n            \"qualifiers\": [\n                {\n                    \"kind\": \"ConceptQualifier\",\n                    \"type\": \"Cardinality\",\n                    \"value\": \"One\",\n                    \"valueType\": \"xs:string\"\n                }\n            ],\n            \"category\": \"PARAMETER\",\n            \"idShort\": \"Status\"\n        },\n        {\n            \"modelType\": \"Property\",\n            \"semanticId\": {\n                \"keys\": [\n                    {\n                        \"type\": \"GlobalReference\",\n                        \"value\": \"0173-1#02-ABI773#001\"\n                    }\n                ],\n                \"type\": \"ExternalReference\"\n            },\n            \"value\": \"High\",\n            \"valueType\": \"xs:string\",\n            \"qualifiers\": [\n                {\n                    \"kind\": \"ConceptQualifier\",\n                    \"type\": \"Cardinality\",\n                    \"value\": \"One\",\n                    \"valueType\": \"xs:string\"\n                },\n                {\n                    \"kind\": \"ConceptQualifier\",\n                    \"type\": \"DefaultValue\",\n                    \"value\": \"Medium\",\n                    \"valueType\": \"xs:string\"\n                }\n            ],\n            \"category\": \"PARAMETER\",\n            \"displayName\": [\n                {\n                    \"language\": \"de\",\n                    \"text\": \"Priorität der Meldung\"\n                },\n                {\n                    \"language\": \"en\",\n                    \"text\": \"Priority of notification\"\n                }\n            ],\n            \"idShort\": \"Priority\"\n        },\n        {\n            \"modelType\": \"Property\",\n            \"semanticId\": {\n                \"keys\": [\n                    {\n                        \"type\": \"GlobalReference\",\n                        \"value\": \"0173-1#02-ABI763#001\"\n                    }\n                ],\n                \"type\": \"ExternalReference\"\n            },\n            \"value\": \"Preventive Maintenance\",\n            \"valueType\": \"xs:string\",\n            \"qualifiers\": [\n                {\n                    \"kind\": \"ConceptQualifier\",\n                    \"type\": \"Cardinality\",\n                    \"value\": \"One\",\n                    \"valueType\": \"xs:string\"\n                }\n            ],\n            \"category\": \"PARAMETER\",\n            \"displayName\": [\n                {\n                    \"language\": \"de\",\n                    \"text\": \"Typ des notwendigen Service\"\n                },\n                {\n                    \"language\": \"en\",\n                    \"text\": \"Type of requested service\"\n                }\n            ],\n            \"idShort\": \"ServiceType\"\n        },\n        {\n            \"modelType\": \"Entity\",\n            \"entityType\": \"SelfManagedEntity\",\n            \"globalAssetId\": global.get('senderSystemAssetId'),\n            \"semanticId\": {\n                \"keys\": [\n                    {\n                        \"type\": \"GlobalReference\",\n                        \"value\": \"0173-1#02-ABI774#001\"\n                    }\n                ],\n                \"type\": \"ExternalReference\"\n            },\n            \"qualifiers\": [\n                {\n                    \"kind\": \"ConceptQualifier\",\n                    \"type\": \"Cardinality\",\n                    \"value\": \"One\",\n                    \"valueType\": \"xs:string\"\n                }\n            ],\n            \"category\": \"PARAMETER\",\n            \"displayName\": [\n                {\n                    \"language\": \"de\",\n                    \"text\": \"Betroffenes Asset\"\n                },\n                {\n                    \"language\": \"en\",\n                    \"text\": \"Related Asset\"\n                }\n            ],\n            \"idShort\": \"RelatedAsset\"\n        },\n        {\n            \"modelType\": \"MultiLanguageProperty\",\n            \"semanticId\": {\n                \"keys\": [\n                    {\n                        \"type\": \"GlobalReference\",\n                        \"value\": \"0173-1#02-ABI762#001\"\n                    }\n                ],\n                \"type\": \"ExternalReference\"\n            },\n            \"value\": [\n                {\n                    \"language\": \"en\",\n                    \"text\": \"Replace Applicator\"\n                }\n            ],\n            \"qualifiers\": [\n                {\n                    \"kind\": \"ConceptQualifier\",\n                    \"type\": \"Cardinality\",\n                    \"value\": \"One\",\n                    \"valueType\": \"xs:string\"\n                }\n            ],\n            \"category\": \"PARAMETER\",\n            \"displayName\": [\n                {\n                    \"language\": \"de\",\n                    \"text\": \"Kurztext zur Servicebedarfsmeldung\"\n                },\n                {\n                    \"language\": \"en\",\n                    \"text\": \"Short text of Service Request\"\n                }\n            ],\n            \"idShort\": \"ShortText\"\n        }\n    ]\n};\n\nreturn msg;",
        "outputs": 1,
        "timeout": 0,
        "noerr": 0,
        "initialize": "",
        "finalize": "",
        "libs": [],
        "x": 420,
        "y": 320,
        "wires": [
            [
                "2b1a908d7709ab4c",
                "553680436b60bb06"
            ]
        ]
    },
    {
        "id": "d2c91c3ce6cdf191",
        "type": "debug",
        "z": "062e3fb368650f56",
        "name": "SRN Response Message",
        "active": true,
        "tosidebar": true,
        "console": false,
        "tostatus": false,
        "complete": "true",
        "targetType": "full",
        "statusVal": "",
        "statusType": "auto",
        "x": 770,
        "y": 440,
        "wires": []
    },
    {
        "id": "df9477d7aaf7ce50",
        "type": "comment",
        "z": "062e3fb368650f56",
        "name": "Receive Operation Calls",
        "info": "",
        "x": 410,
        "y": 60,
        "wires": []
    },
    {
        "id": "a4164c6ccd288904",
        "type": "switch",
        "z": "062e3fb368650f56",
        "name": "",
        "property": "req.params.level",
        "propertyType": "msg",
        "rules": [
            {
                "t": "eq",
                "v": "conditionlevel02",
                "vt": "str"
            },
            {
                "t": "else"
            }
        ],
        "checkall": "true",
        "repair": false,
        "outputs": 2,
        "x": 470,
        "y": 140,
        "wires": [
            [
                "8d4d756f544cf9be"
            ],
            [
                "5916d62d7097485f"
            ]
        ]
    },
    {
        "id": "536e760bb78d7bc8",
        "type": "http response",
        "z": "062e3fb368650f56",
        "name": "",
        "statusCode": "",
        "headers": {},
        "x": 710,
        "y": 380,
        "wires": []
    },
    {
        "id": "5916d62d7097485f",
        "type": "http response",
        "z": "062e3fb368650f56",
        "name": "",
        "statusCode": "404",
        "headers": {},
        "x": 720,
        "y": 160,
        "wires": []
    }
]